{
  "LR Base": {
    "label": "LR Base",
    "rmse": 0.000659057198224625,
    "rmspe": 12.814790741987023,
    "qlike": 0.2174629976477035
  },
  "LR Short": {
    "label": "LR Short",
    "rmse": 0.0006058895108597592,
    "rmspe": 11.36332041545756,
    "qlike": 0.190086955665577
  },
  "LR Medium": {
    "label": "LR Medium",
    "rmse": 0.0005839062535100492,
    "rmspe": 11.071077319412202,
    "qlike": 0.1846996711271883
  },
  "LR Long": {
    "label": "LR Long",
    "rmse": 0.0005577572222652699,
    "rmspe": 10.747753644169268,
    "qlike": 0.18128839772123057
  },
  "Lasso Base": {
    "label": "Lasso Base",
    "rmse": 0.000650426209245965,
    "rmspe": 11.750069022238074,
    "qlike": 0.2116759300035552
  },
  "Lasso Short": {
    "label": "Lasso Short",
    "rmse": 0.0006078064416607121,
    "rmspe": 11.222585289540449,
    "qlike": 0.19252697033465468
  },
  "Lasso Medium": {
    "label": "Lasso Medium",
    "rmse": 0.0005859974802369548,
    "rmspe": 10.981398923475174,
    "qlike": 0.18706147783853183
  },
  "Lasso Long": {
    "label": "Lasso Long",
    "rmse": 0.0005594656602712009,
    "rmspe": 10.827867104190064,
    "qlike": 0.1830513596950847
  },
  "XGB Base": {
    "label": "XGB Base",
    "rmse": 0.0006334660749476612,
    "rmspe": 11.853922578508307,
    "qlike": 0.19513127952721465
  },
  "XGB Short": {
    "label": "XGB Short",
    "rmse": 0.0005983872314608161,
    "rmspe": 11.559159948999424,
    "qlike": 0.18339713848502495
  },
  "XGB Medium": {
    "label": "XGB Medium",
    "rmse": 0.0005794613557330318,
    "rmspe": 11.305945649174877,
    "qlike": 0.1803927819721836
  },
  "XGB Long": {
    "label": "XGB Long",
    "rmse": 0.0005558085788899112,
    "rmspe": 11.066286251981737,
    "qlike": 0.17880916683044681
  },
  "RF Base": {
    "label": "RF Base",
    "rmse": 0.0006394566031155446,
    "rmspe": 12.239688308872497,
    "qlike": 0.21374843236457094
  },
  "RF Short": {
    "label": "RF Short",
    "rmse": 0.0006083119912317391,
    "rmspe": 11.823413676231361,
    "qlike": 0.20947744918530903
  },
  "RF Medium": {
    "label": "RF Medium",
    "rmse": 0.000590349719809121,
    "rmspe": 11.612232319681276,
    "qlike": 0.20727103842187275
  },
  "RF Long": {
    "label": "RF Long",
    "rmse": 0.0005632634347980484,
    "rmspe": 11.343206335874472,
    "qlike": 0.20195695873557554
  },
  "MLP Base": {
    "label": "MLP Base",
    "rmse": 0.000639468741940408,
    "rmspe": 12.19927130214883,
    "qlike": 0.20550598445745347
  },
  "MLP Short": {
    "label": "MLP Short",
    "rmse": 0.0006103442105003332,
    "rmspe": 10.91234161420921,
    "qlike": 0.19263262514773227
  },
  "MLP Medium": {
    "label": "MLP Medium",
    "rmse": 0.0006833012303382886,
    "rmspe": 13.443363296582335,
    "qlike": 0.32045079243834684
  },
  "MLP Long": {
    "label": "MLP Long",
    "rmse": 0.0005626182285770869,
    "rmspe": 11.386597942495278,
    "qlike": 0.1827087870907781
  },
  "EWMA": {
    "label": "EWMA",
    "rmse": 0.000756942342644977,
    "rmspe": 14.326190848623307,
    "qlike": 0.27058497153625655
  },
  "HAR-RV": {
    "label": "HAR-RV",
    "rmse": 0.0005635645253497682,
    "rmspe": 10.354790982955013,
    "qlike": 0.1840911111321481
  },
  "WLR Base": {
    "label": "WLR Base",
    "rmse": 0.0006590940812376124,
    "rmspe": 12.709083316229462,
    "qlike": 0.21708645474850205
  },
  "WLR Short": {
    "label": "WLR Short",
    "rmse": 0.0006058766572348783,
    "rmspe": 11.272549829489092,
    "qlike": 0.18996353708011823
  },
  "WLR Medium": {
    "label": "WLR Medium",
    "rmse": 0.0005839345248178837,
    "rmspe": 11.008410771254994,
    "qlike": 0.18466198325284014
  },
  "WLR Long": {
    "label": "WLR Long",
    "rmse": 0.0005578151073418634,
    "rmspe": 10.706089408216219,
    "qlike": 0.18129553529274137
  },
  "WXGB Base": {
    "label": "WXGB Base",
    "rmse": 0.0006352536782302947,
    "rmspe": 11.586243601923856,
    "qlike": 0.19560578209263607
  },
  "WXGB Short": {
    "label": "WXGB Short",
    "rmse": 0.0005990484189758835,
    "rmspe": 11.358274234073477,
    "qlike": 0.18366491924829575
  },
  "WXGB Medium": {
    "label": "WXGB Medium",
    "rmse": 0.0005799440232366423,
    "rmspe": 11.153717756179914,
    "qlike": 0.18056005880171344
  },
  "WXGB Long": {
    "label": "WXGB Long",
    "rmse": 0.0005560550151595957,
    "rmspe": 10.980388666044467,
    "qlike": 0.1789348772647239
  }
}